Workbook

Sheet Pressupost
A1: Projecte WiFi SALUT · Pressupost detallat
A2: Issue #3 · Responsable: AlumneC · Preus orientatius sense IVA consultats a distribuïdors en línia (cal confirmar-los abans de la compra)
A4: Categoria | B4: Descripció | C4: Quantitat | D4: Preu unitari | E4: Subtotal | F4: Proveïdor triat | G4: Issue
A5: Xarxa sense fil | B5: Punt d'accés UniFi 6 Lite (WiFi 6, PoE) | C5: 6 | D5: =Comparativa!F5 | E5: =C5*D5 | F5: =Comparativa!G5 | G5: #7
A6: Commutació | B6: Switch UniFi USW-24-PoE (24 ports GbE, 16 PoE+, 95 W) | C6: 1 | D6: =Comparativa!F6 | E6: =C6*D6 | F6: =Comparativa!G6 | G6: #5
A7: Servidor | B7: Servidor torre d'entrada (Xeon E-2300, 16 GB ECC, 2×1 TB RAID 1) | C7: 1 | D7: =Comparativa!F7 | E7: =C7*D7 | F7: =Comparativa!G7 | G7: #8
A8: Armaris | B8: Rack mural 19" 12U 600×450 mm (principal) | C8: 1 | D8: =Comparativa!F8 | E8: =C8*D8 | F8: =Comparativa!G8 | G8: #5
A9: Armaris | B9: Rack mural 19" 6U 600×450 mm (secundari) | C9: 2 | D9: =Comparativa!F9 | E9: =C9*D9 | F9: =Comparativa!G9 | G9: #5
A10: Armaris | B10: Patch panel Cat6 24 ports 1U | C10: 1 | D10: =Comparativa!F10 | E10: =C10*D10 | F10: =Comparativa!G10 | G10: #5
A11: Armaris | B11: Patch panel Cat6 12 ports | C11: 2 | D11: =Comparativa!F11 | E11: =C11*D11 | F11: =Comparativa!G11 | G11: #5
A12: Armaris | B12: Organitzador de cables 1U | C12: 3 | D12: =Comparativa!F12 | E12: =C12*D12 | F12: =Comparativa!G12 | G12: #5
A13: Armaris | B13: Regleta d'alimentació PDU 19" 8 preses | C13: 1 | D13: =Comparativa!F13 | E13: =C13*D13 | F13: =Comparativa!G13 | G13: #5
A14: Alimentació | B14: SAI rack 1500 VA / 1000 W | C14: 1 | D14: =Comparativa!F14 | E14: =C14*D14 | F14: =Comparativa!G14 | G14: #5
A15: Cablejat | B15: Bobina cable Cat6 U/UTP LSZH 305 m | C15: 1 | D15: =Comparativa!F15 | E15: =C15*D15 | F15: =Comparativa!G15 | G15: #6
A16: Cablejat | B16: Connectors RJ45 Cat6 (bossa de 100) | C16: 1 | D16: =Comparativa!F16 | E16: =C16*D16 | F16: =Comparativa!G16 | G16: #6
... A18: Cablejat | B18: Canaleta, safata i brides (lot) | C18: 1 | D18: =Comparativa!F18 | E18: =C18*D18 | F18: =Comparativa!G18 | G18: #6
D20: Base imposable | E20: =SUM(E5:E18)
D21: IVA (21 %) | E21: =E20*0.21
D22: TOTAL | E22: =E20+E21
A24: Eines (crimpadora, eina d'impacte, comprovador de cable, trepant, escala): les cedeix el centre educatiu i no s'inclouen al pressupost.

Sheet Comparativa
A1: Comparativa de preus entre dos proveïdors (sense IVA)
A2: Es tria el preu més baix de cada línia. Si la diferència és inferior a 5 € es prefereix el Proveïdor 1 (mateix proveïdor per a tota la comanda).
A4: Descripció | B4: Quantitat | C4: Proveïdor 1 | D4: Proveïdor 2 | E4: Diferència | F4: Preu triat | G4: Proveïdor triat
A5: Punt d'accés UniFi 6 Lite (WiFi 6, PoE) | B5: 6 | C5: 99 | D5: 104.5 | E5: =C5-D5 | F5: =IF(G5="Proveïdor 2",D5,C5) | G5: =IF(C5-D5>=5,"Proveïdor 2","Proveïdor 1")
A6: Switch UniFi USW-24-PoE (24 ports GbE, 16 PoE+, 95 W) | B6: 1 | C6: 329 | D6: 345 | E6: =C6-D6 | F6: =IF(G6="Proveïdor 2",D6,C6) | G6: =IF(C6-D6>=5,"Proveïdor 2","Proveïdor 1")
A7: Servidor torre d'entrada (Xeon E-2300, 16 GB ECC, 2×1 TB RAID 1) | B7: 1 | C7: 1050 | D7: 1120 | E7: =C7-D7 | F7: =IF(G7="Proveïdor 2",D7,C7) | G7: =IF(C7-D7>=5,"Proveïdor 2","Proveïdor 1")
A8: Rack mural 19" 12U 600×450 mm (principal) | B8: 1 | C8: 149 | D8: 139 | E8: =C8-D8 | F8: =IF(G8="Proveïdor 2",D8,C8) | G8: =IF(C8-D8>=5,"Proveïdor 2","Proveïdor 1")
A9: Rack mural 19" 6U 600×450 mm (secundari) | B9: 2 | C9: 79 | D9: 84 | E9: =C9-D9 | F9: =IF(G9="Proveïdor 2",D9,C9) | G9: =IF(C9-D9>=5,"Proveïdor 2","Proveïdor 1")
A10: Patch panel Cat6 24 ports 1U | B10: 1 | C10: 35 | D10: 32.5 | E10: =C10-D10 | F10: =IF(G10="Proveïdor 2",D10,C10) | G10: =IF(C10-D10>=5,"Proveïdor 2","Proveïdor 1")
A11: Patch panel Cat6 12 ports | B11: 2 | C11: 22 | D11: 24 | E11: =C11-D11 | F11: =IF(G11="Proveïdor 2",D11,C11) | G11: =IF(C11-D11>=5,"Proveïdor 2","Proveïdor 1")
A12: Organitzador de cables 1U | B12: 3 | C12: 12 | D12: 11.5 | E12: =C12-D12 | F12: =IF(G12="Proveïdor 2",D12,C12) | G12: =IF(C12-D12>=5,"Proveïdor 2","Proveïdor 1")
A13: Regleta d'alimentació PDU 19" 8 preses | B13: 1 | C13: 30 | D13: 28 | E13: =C13-D13 | F13: =IF(G13="Proveïdor 2",D13,C13) | G13: =IF(C13-D13>=5,"Proveïdor 2","Proveïdor 1")
A14: SAI rack 1500 VA / 1000 W | B14: 1 | C14: 290 | D14: 305 | E14: =C14-D14 | F14: =IF(G14="Proveïdor 2",D14,C14) | G14: =IF(C14-D14>=5,"Proveïdor 2","Proveïdor 1")
A15: Bobina cable Cat6 U/UTP LSZH 305 m | B15: 1 | C15: 119 | D15: 125 | E15: =C15-D15 | F15: =IF(G15="Proveïdor 2",D15,C15) | G15: =IF(C15-D15>=5,"Proveïdor 2","Proveïdor 1")
A16: Connectors RJ45 Cat6 (bossa de 100) | B16: 1 | C16: 19.5 | D16: 18 | E16: =C16-D16 | F16: =IF(G16="Proveïdor 2",D16,C16) | G16: =IF(C16-D16>=5,"Proveïdor 2","Proveïdor 1")
... A18: Canaleta, safata i brides (lot) | B18: 1 | C18: 120 | D18: 135 | E18: =C18-D18 | F18: =IF(G18="Proveïdor 2",D18,C18) | G18: =IF(C18-D18>=5,"Proveïdor 2","Proveïdor 1")

Sheet Pressupost PoE
A1: Comprovació del pressupost de potència PoE del switch
A3: Consum màxim d'un UniFi 6 Lite (W) | B3: 12
A4: Nombre d'APs | B4: 6
A5: Consum total (W) | B5: =B3*B4
A6: Potència PoE del switch (W) | B6: 95
A7: Marge disponible (W) | B7: =B6-B5
A8: Ús del pressupost PoE | B8: =B5/B6
A10: Ports amb PoE+: 1 a 16. Els ports 17 a 24 NO subministren PoE.
